[{"banner_id":"18","banner_name":"PROFISIONAL","banner_active_status":"1","banner_images":"\/assets\/file_upload\/admin\/images\/banner\/homecaleb.jpg","banner_type":"1","banner_url":"","banner_desc":"","banner_order":"1","banner_create_date":"27-09-2016 16:15:47","banner_create_by":"1"},{"banner_id":"17","banner_name":"BANNER 1","banner_active_status":"1","banner_images":"\/assets\/file_upload\/admin\/images\/banner\/home003.jpg","banner_type":"1","banner_url":"","banner_desc":"&lt;span style=&quot;font-size: 60px;&quot;&gt;PROFESSIONAL&lt;br \/&gt;\r\nDEPENDABLE&lt;br \/&gt;\r\n&amp;amp;&amp;nbsp;RELIABLE&lt;br \/&gt;\r\n&lt;br \/&gt;\r\n&amp;nbsp;&lt;\/span&gt;","banner_order":"2","banner_create_date":"02-09-2016 18:09:48","banner_create_by":"1"},{"banner_id":"16","banner_name":"dassdasda","banner_active_status":"1","banner_images":"\/assets\/file_upload\/admin\/images\/banner\/1920x1080.jpg","banner_type":"1","banner_url":"","banner_desc":"&lt;span style=&quot;color:#FFF0F5;font-size: 32px;&quot;&gt;&lt;span style=&quot;background-color:#800000;&quot;&gt;&amp;nbsp; WE ARE COMMITTED IN &amp;nbsp;&lt;br \/&gt;\r\n&amp;nbsp; DELIVERING ALL OF OUR PROJECTS &amp;nbsp;&lt;br \/&gt;\r\n&amp;nbsp;&amp;nbsp;AT THE HIGHEST STANDARD &amp;nbsp;&lt;br \/&gt;\r\n&amp;nbsp;&amp;nbsp;IN SAFETY AND QUALITY &amp;nbsp;&lt;\/span&gt;&lt;\/span&gt;","banner_order":"3","banner_create_date":"02-06-2016 14:41:19","banner_create_by":"1"}]