[{"blog_id":"32","blog_title":"sssssssssa","blog_short_desc":"ssssssssssssssss","blog_image":"","blog_desc":"saaaaaaaaaaaaaaaaaaaaaaaaaaaaaaaaaa","blog_order":"1","blog_active_status":"1","blog_alias":"","blog_meta_description":"","blog_meta_keywords":"","blog_create_date":"20-06-2016 15:13:47","blog_create_by":"1"},{"blog_id":"31","blog_title":"dasdsadsadsa","blog_short_desc":"dasdsadsadsadsadsa","blog_image":"","blog_desc":"dsadsadsadadsa","blog_order":"1","blog_active_status":"1","blog_alias":"","blog_meta_description":"","blog_meta_keywords":"","blog_create_date":"17-06-2016 16:14:31","blog_create_by":"1"}]