[{"product_category_id":"1","product_category_title":"Handphone &amp; Tablet","product_category_active_status":"1","product_category_image":"\/assets\/file_upload\/admin\/images\/category\/icon-comp.png","product_category_create_date":"September 08, 2015","web_alias":"category\/handphone--tablet","web_ori":"category\/index\/1"},{"product_category_id":"2","product_category_title":"Komputer &amp; Laptop","product_category_active_status":"1","product_category_image":"\/assets\/file_upload\/admin\/images\/category\/icon-phone.png","product_category_create_date":"September 08, 2015","web_alias":"category\/komputer--laptop","web_ori":"category\/index\/2"},{"product_category_id":"4","product_category_title":"Lifestyle","product_category_active_status":"1","product_category_image":"\/assets\/file_upload\/admin\/images\/category\/icon-wine.png","product_category_create_date":"September 08, 2015","web_alias":"category\/lifestyle","web_ori":"category\/index\/4"},{"product_category_id":"3","product_category_title":"Otomotif","product_category_active_status":"1","product_category_image":"\/assets\/file_upload\/admin\/images\/category\/icon-wheel.png","product_category_create_date":"September 08, 2015","web_alias":"category\/otomotif","web_ori":"category\/index\/3"},{"product_category_id":"5","product_category_title":"Voucher","product_category_active_status":"1","product_category_image":"\/assets\/file_upload\/admin\/images\/category\/icon-gift.png","product_category_create_date":"September 10, 2015","web_alias":"category\/voucher","web_ori":"category\/index\/5"}]