[{"client_id":"15","client_title":"PHE-WMO","client_image":"\/assets\/file_upload\/admin\/images\/Logos\/phewmo.png","client_order":"1","client_active_status":"1","client_highlight":"1","client_meta_description":"","client_meta_keywords":"PHE-WMO"},{"client_id":"18","client_title":"Premier Oil","client_image":"\/assets\/file_upload\/admin\/images\/Logos\/premieroil.png","client_order":"2","client_active_status":"1","client_highlight":"1","client_meta_description":"","client_meta_keywords":"Premier Oil"},{"client_id":"21","client_title":"PT. Honeywell Indonesia","client_image":"\/assets\/file_upload\/admin\/images\/Logos\/honeywell.png","client_order":"3","client_active_status":"1","client_highlight":"1","client_meta_description":"","client_meta_keywords":"PT. Honeywell Indonesia"},{"client_id":"1","client_title":"PT. ADHI KARYA","client_image":"\/assets\/file_upload\/admin\/images\/Logos\/AK.png","client_order":"4","client_active_status":"1","client_highlight":"1","client_meta_description":"","client_meta_keywords":"PT. ADHI KARYA"},{"client_id":"12","client_title":"Pearl Oil","client_image":"\/assets\/file_upload\/admin\/images\/Logos\/pearl.png","client_order":"5","client_active_status":"1","client_highlight":"1","client_meta_description":"","client_meta_keywords":"Pearl Oil"},{"client_id":"6","client_title":"Dwisolar Sdn Bhd","client_image":"\/assets\/file_upload\/admin\/images\/Logos\/dwisolar.png","client_order":"6","client_active_status":"1","client_highlight":"1","client_meta_description":"","client_meta_keywords":"Dwisolar Sdn Bhd"}]