[{"contact_id":"3","contact_title":"SALES &amp; MARKETING","contact_name":"Mr. Djoko Puji Riyanto","contact_email":"djoko@caleb-technology.com","contact_phone":"+62 896 2962 9565","contact_fax":"","contact_order":"1","contact_active_status":"1","contact_create_date":"18-09-2016 04:37:25","contact_create_by":"1"},{"contact_id":"4","contact_title":"PROJECT &amp; SERVICE","contact_name":"Mr. Febri Nugraha","contact_email":"febri@caleb-technology.com","contact_phone":"+62 812 8001 1772","contact_fax":"","contact_order":"2","contact_active_status":"1","contact_create_date":"18-09-2016 04:38:37","contact_create_by":"1"},{"contact_id":"2","contact_title":"ENGINEERING &amp; SERVICE","contact_name":"Mrs. Erni Permanasari","contact_email":"admin@caleb-technology.com","contact_phone":"+62 813 1287 8823","contact_fax":"","contact_order":"3","contact_active_status":"1","contact_create_date":"18-09-2016 04:23:42","contact_create_by":"1"},{"contact_id":"5","contact_title":"PROCUREMENT &amp; MATERIAL SUPPORT","contact_name":"Mrs. Anisa Fitria Lestari","contact_email":"anisa@caleb-technology.com","contact_phone":"+62 812 8433 1121","contact_fax":"","contact_order":"4","contact_active_status":"1","contact_create_date":"20-09-2016 06:57:37","contact_create_by":"1"},{"contact_id":"6","contact_title":"POWER PLANT DIVISION","contact_name":"Mr. Simon Dedi Haryadi","contact_email":"simon@caleb-technology.com","contact_phone":"+62 811 1871 871","contact_fax":"","contact_order":"5","contact_active_status":"1","contact_create_date":"20-09-2016 06:58:20","contact_create_by":"1"},{"contact_id":"7","contact_title":"HSE &amp; BUSINESS DEVELOPMENT","contact_name":"Mr. Muhammad Rifki Asfari","contact_email":"rifki@caleb-technology.com","contact_phone":"+62 821 1005 7474","contact_fax":"","contact_order":"6","contact_active_status":"1","contact_create_date":"20-09-2016 06:58:53","contact_create_by":"1"}]