[{"latest_training_id":"1","latest_training_title":"training 1","latest_training_image":"\/assets\/file_upload\/admin\/images\/Content\/training01.jpg","latest_training_order":"1","latest_training_active_status":"1","latest_training_highlight":"1","latest_training_meta_description":"","latest_training_meta_keywords":""},{"latest_training_id":"2","latest_training_title":"training 2","latest_training_image":"\/assets\/file_upload\/admin\/images\/Content\/training02.jpg","latest_training_order":"1","latest_training_active_status":"1","latest_training_highlight":"1","latest_training_meta_description":"","latest_training_meta_keywords":""},{"latest_training_id":"3","latest_training_title":"training 3","latest_training_image":"\/assets\/file_upload\/admin\/images\/Content\/training03.jpg","latest_training_order":"1","latest_training_active_status":"1","latest_training_highlight":"1","latest_training_meta_description":"","latest_training_meta_keywords":""},{"latest_training_id":"4","latest_training_title":"training 4","latest_training_image":"\/assets\/file_upload\/admin\/images\/Content\/training04.jpg","latest_training_order":"1","latest_training_active_status":"1","latest_training_highlight":"1","latest_training_meta_description":"","latest_training_meta_keywords":""}]