[{"material_id":"9","material_title":"Honeywell","material_image":"\/assets\/file_upload\/admin\/images\/Logos\/honeywell.png","material_order":"1","material_active_status":"1","material_highlight":"1"},{"material_id":"12","material_title":"Rockwell Automation","material_image":"\/assets\/file_upload\/admin\/images\/Logos\/rockwell.png","material_order":"1","material_active_status":"1","material_highlight":"1"},{"material_id":"16","material_title":"Premier oil","material_image":"\/assets\/file_upload\/admin\/images\/Logos\/premieroil.png","material_order":"1","material_active_status":"1","material_highlight":"1"},{"material_id":"19","material_title":"Dwisolar","material_image":"\/assets\/file_upload\/admin\/images\/Logos\/dwisolar.png","material_order":"1","material_active_status":"1","material_highlight":"1"},{"material_id":"20","material_title":"PHE WMO","material_image":"\/assets\/file_upload\/admin\/images\/Logos\/phewmo.png","material_order":"1","material_active_status":"1","material_highlight":"1"},{"material_id":"22","material_title":"Rockwel lab","material_image":"\/assets\/file_upload\/admin\/images\/Logos\/rockwell.png","material_order":"1","material_active_status":"1","material_highlight":"1"},{"material_id":"23","material_title":"Pearl","material_image":"\/assets\/file_upload\/admin\/images\/Logos\/pearl.png","material_order":"1","material_active_status":"1","material_highlight":"1"},{"material_id":"5","material_title":"Adhi Karya","material_image":"\/assets\/file_upload\/admin\/images\/Logos\/AK.png","material_order":"2","material_active_status":"1","material_highlight":"1"}]