[{"menu_id":"6","module_id":"16","menu_title":"Courses","menu_url":"http:\/\/localhost\/lsaf\/Courses\/6\/Courses","child_first":[{"menu_id":"30","menu_title":"Profesional Certificate","menu_parent":"6","menu_sub_parent":"0","menu_url":"http:\/\/localhost\/lsaf\/Courses\/6\/30\/Profesional Certificate","child_second":[{"menu_id":"48","menu_title":"sdasdsa","menu_parent":"6","menu_sub_parent":"30","menu_url":"http:\/\/localhost\/lsaf\/Courses\/6\/30\/48\/sdasdsa"}]},{"menu_id":"31","menu_title":"Introductory certificate in Financial and Manageme","menu_parent":"6","menu_sub_parent":"0","menu_url":"http:\/\/localhost\/lsaf\/Courses\/6\/31\/Introductory certificate in Financial and Manageme","child_second":null},{"menu_id":"33","menu_title":"Intermediate certificate in Financial and Manageme","menu_parent":"6","menu_sub_parent":"0","menu_url":"http:\/\/localhost\/lsaf\/Courses\/6\/33\/Intermediate certificate in Financial and Manageme","child_second":null},{"menu_id":"35","menu_title":"Profesional Diplomas","menu_parent":"6","menu_sub_parent":"0","menu_url":"","child_second":null},{"menu_id":"45","menu_title":"dddddddddddddddddd","menu_parent":"6","menu_sub_parent":"0","menu_url":"http:\/\/localhost\/lsaf\/Courses\/6\/45\/dddddddddddddddddd","child_second":null}]}]