[{"menu_id":"60","module_id":"26","menu_title":"Material","menu_parent":"0","menu_sub_parent":"0","menu_url":"http:\/\/localhost\/caleb\/Material\/60\/Material","menu_alias":"","child_first":null},{"menu_id":"59","module_id":"15","menu_title":"Services","menu_parent":"0","menu_sub_parent":"0","menu_url":"http:\/\/localhost\/balkatweb\/Services","menu_alias":"services","child_first":null},{"menu_id":"54","module_id":"23","menu_title":"Projects","menu_parent":"0","menu_sub_parent":"0","menu_url":"http:\/\/localhost\/caleb\/Projects\/54\/Projects","menu_alias":"projects","child_first":null},{"menu_id":"55","module_id":"15","menu_title":"Works","menu_parent":"0","menu_sub_parent":"0","menu_url":"http:\/\/localhost\/balkatweb\/Works","menu_alias":"","child_first":null},{"menu_id":"61","module_id":"17","menu_title":"Career","menu_parent":"0","menu_sub_parent":"0","menu_url":"http:\/\/localhost\/caleb\/Career\/61\/Career","menu_alias":"career","child_first":null},{"menu_id":"62","module_id":"29","menu_title":"About","menu_parent":"0","menu_sub_parent":"0","menu_url":"http:\/\/localhost\/caleb\/About\/62\/About","menu_alias":"about","child_first":null},{"menu_id":"63","module_id":"30","menu_title":"Team","menu_parent":"0","menu_sub_parent":"0","menu_url":"http:\/\/localhost\/caleb\/Team\/63\/Team","menu_alias":"team","child_first":null},{"menu_id":"64","module_id":"35","menu_title":"Training","menu_parent":"0","menu_sub_parent":"0","menu_url":"http:\/\/localhost\/caleb\/Training\/64\/Training","menu_alias":"training","child_first":null},{"menu_id":"65","module_id":"31","menu_title":"News","menu_parent":"0","menu_sub_parent":"0","menu_url":"http:\/\/devcaleb.balkat.com\/News\/65\/News","menu_alias":"news","child_first":null}]