[{"pages_id":"15","pages_title":"FAQ","pages_short_desc":"Frequently Asked Question","pages_image":"","pages_desc":"A collaborative team of designers, strategist, developers, copywriter, illustrators and engineers focusing on helping&nbsp;others communicate a clear message.<br \/>\r\n<br \/>\r\nQ: What does Balkat stands for?<br \/>\r\n<br \/>\r\nA: The word Balkat stands for <em>Balon Kata<\/em>, which translates to &quot;Bubble Talk&quot;, at Balkat we strive to help others communicate a clear and concise message through the use of various media.<br \/>\r\n<br \/>\r\n<strong>Q: What is it that Balkat do?<\/strong><br \/>\r\n<br \/>\r\nA:&nbsp; We provide 3 main services:\r\n<ul>\r\n\t<li><strong>BRAND COMMUNICATION<\/strong><\/li>\r\n<\/ul>\r\n\r\n<div style=\"margin-left: 40px;\">We pinpoint what makes you unique to create everything your brand needs to stand out and trive<\/div>\r\n\r\n<ul>\r\n\t<li><strong>DIGITAL DEVELOPMENT<\/strong><\/li>\r\n<\/ul>\r\n\r\n<div style=\"margin-left: 40px;\">Working with the latest technology we design and build pixel perfect, user-centric websites<\/div>\r\n\r\n<ul>\r\n\t<li><strong>MERCHANDISING<\/strong><\/li>\r\n<\/ul>\r\n\r\n<div style=\"margin-left: 40px;\">Printing &amp; Production service<\/div>\r\n<br \/>\r\n<br \/>\r\n<strong>Q: What are processes involved when starting a project?<\/strong><br \/>\r\n<br \/>\r\nA: There are 3 processes that we go through in a typical project:\r\n<div style=\"margin-left: 20px;\"><br \/>\r\n1. &nbsp;DETERMINE<\/div>\r\n\r\n<ul>\r\n\t<li style=\"margin-left: 40px;\">Current Position<\/li>\r\n\t<li style=\"margin-left: 40px;\">Competitor Analysis<\/li>\r\n\t<li style=\"margin-left: 40px;\">Current Industry&#39;s Issues\/ Trends<\/li>\r\n<\/ul>\r\n\r\n<div style=\"margin-left: 20px;\">2. &nbsp;DEFINE<\/div>\r\n\r\n<ul>\r\n\t<li style=\"margin-left: 40px;\">Create Formula w\/ Creative Approach<\/li>\r\n\t<li style=\"margin-left: 40px;\">Develop Big Idea<\/li>\r\n\t<li style=\"margin-left: 40px;\">Develop Integrated Communication<\/li>\r\n<\/ul>\r\n\r\n<div style=\"margin-left: 20px;\">3.&nbsp;DESIGN<\/div>\r\n\r\n<ul>\r\n\t<li style=\"margin-left: 40px;\">Key Visual Design<\/li>\r\n\t<li style=\"margin-left: 40px;\">Digital Development<\/li>\r\n\t<li style=\"margin-left: 40px;\">Brand Communication<\/li>\r\n<\/ul>\r\n<br \/>\r\n<strong>Q: How can we reach Balkat Communication to inquire about a project?<\/strong><br \/>\r\n<br \/>\r\nA: You can reach us through e-mail :&nbsp;hello@balkat.com<br \/>\r\n<br \/>\r\n&nbsp;&nbsp;&nbsp;&nbsp; And phone call&nbsp;<a href=\"tel:+ 6221 629 6302\">+ 6221 629 6302<\/a><br \/>\r\n<br \/>\r\n&nbsp;&nbsp;&nbsp;&nbsp; Or simply click on this link http:\/\/balkat.com\/contactus<br \/>\r\n<br \/>\r\n<strong>Q: What are the phases on making a project with Balkat Communication?<\/strong><br \/>\r\n<br \/>\r\nA: &nbsp;<strong>DIGITAL DEVELOPMENT<\/strong><br \/>\r\n&nbsp;\r\n<ul>\r\n\t<li>&nbsp;Firstly, we propose a couple or designs from brief we got from the client depending on types of project.<\/li>\r\n\t<li>&nbsp;Secondly, we meet up with client to discuss on any revision from the proposal design; once we received the full revision then we will work on it for the time we have agreed.<\/li>\r\n\t<li>Thirdly, after all the revision has been approved, we will continue on making the CSS (front-end) to let clients has the feel on what kind of website it will become.<\/li>\r\n\t<li>&nbsp;Last but not least, once clients has approved the CSS we sent them, then we will work on the programming (backend) to finish up the project before it goes live.<\/li>\r\n<\/ul>\r\n<br \/>\r\n<br \/>\r\n<strong>BRAND COMMUNICATION<br \/>\r\n<img alt=\"\" src=\"http:\/\/balkat.com\/assets\/file_upload\/admin\/images\/testlago-01.jpg\" style=\"width: 332px; height: 750px;\" \/><br \/>\r\n<br \/>\r\n<br \/>\r\nMERCHANDISING<\/strong><br \/>\r\n<br \/>\r\n<br \/>\r\n<strong>VISUALISATION<\/strong><br \/>\r\n&nbsp;","pages_meta_description":"","pages_meta_keywords":"","pages_create_date":"01 June 2016","web_alias":"faq","web_ori":"pages\/detail\/15"},{"pages_id":"14","pages_title":"Sitemap","pages_short_desc":"Can&#39;t find what you&#39;re looking for? Here are a list of all the pages in our site.","pages_image":"","pages_desc":"<a href=\"http:\/\/balkat.com\">PT. Balkat Komunika Indonesia<\/a>\r\n<ul>\r\n\t<li style=\"margin-left: 40px;\"><a href=\"http:\/\/balkat.com\/about\">About<\/a><\/li>\r\n\t<li style=\"margin-left: 40px;\">Blog<\/li>\r\n\t<li style=\"margin-left: 40px;\"><a href=\"http:\/\/balkat.com\/works\">Works<\/a><\/li>\r\n\t<li style=\"margin-left: 40px;\"><a href=\"http:\/\/balkat.com\/location\">Contact Us<\/a><\/li>\r\n\t<li style=\"margin-left: 40px;\"><a href=\"http:\/\/careers\">Careers<\/a><\/li>\r\n\t<li style=\"margin-left: 40px;\"><a href=\"http:\/\/faq\">FAQ<\/a><\/li>\r\n\t<li style=\"margin-left: 40px;\"><a href=\"http:\/\/balkat.com\/privacypolicy\">Privacy Policy<\/a><\/li>\r\n<\/ul>","pages_meta_description":"","pages_meta_keywords":"","pages_create_date":"01 June 2016","web_alias":"sitemap","web_ori":"pages\/detail\/14"},{"pages_id":"12","pages_title":"Privacy Policy","pages_short_desc":"Our privacy and Policy","pages_image":"","pages_desc":"<div style=\"text-align: justify;\">PT. Balkat Communication values your trust and we take your privacy very seriously. We know that long lasting relationships start with trust, which is why we care so much about keeping your personal information confidential. As a visitor to our website, please be assured that you do not have to worry about your privacy being compromised.<\/div>\r\n\r\n<ul>\r\n\t<li style=\"text-align: justify;\">Before, or at the time of collecting personal information, we will identify the purposed for which information is being collected.<\/li>\r\n\t<li style=\"text-align: justify;\">We will collect information by lawful and fair means and, where appropriate, with the knowledge or consent of the individual concerned.<\/li>\r\n\t<li style=\"text-align: justify;\">Personal data should be relevant to the purposes for which it is to be used, and, to the extent necessary for those purposes, should be accurate, complete, and current.<\/li>\r\n\t<li style=\"text-align: justify;\">We will protect personal information by reasonable security safeguards against loss or theft, as well as unauthorized access, disclosure, copying, use or modification.<\/li>\r\n\t<li style=\"text-align: justify;\">Gravitate links to other sites that may be of interest to our visitors. The privacy policies on those linked sites may be different from our privacy policy. You access these linked sites at your own risk. You should always review the privacy policy of any site before disclosing any personal information.<\/li>\r\n\t<li style=\"text-align: justify;\">We will collect and use personal information solely with the objective of fulfilling those purposes specified by Gravitate and for other compatible purposes, unless we obtain the consent of the individual concerned or as required by law.<\/li>\r\n\t<li style=\"text-align: justify;\">Gravitate uses data from Google&rsquo;s interest-based advertising or 3rd-party audience data (such as age, gender and interests) with Google Analytics.<\/li>\r\n\t<li style=\"text-align: justify;\">We will make readily available to customers information about our policies and practices relating to the management of personal information.<\/li>\r\n<\/ul>\r\n\r\n<div style=\"text-align: justify;\"><br \/>\r\n<strong>Summary<\/strong><br \/>\r\nPT. Balkat Communication always respects your privacy and values your trust. We want you to have an enjoyable and safe experience when on our website. If you have any questions or concerns about our Privacy Policy, please contact us at&nbsp;hello@balkat.com.<br \/>\r\n<br \/>\r\n<strong>Liability Restrictions<\/strong><br \/>\r\nPT. Balkat Communication is not responsible for technical, hardware or software failures of any kind; lost or unavailable network connections; and\/or incomplete, garbled or delayed computer transmissions. Under no circumstances will PT. Balkat Communication be liable for any damages or injury that may result from the use of the materials on this site. Some jurisdictions prohibit the exclusion or limitation of liability for consequential or incidental damages, in which case the above limitation may not apply to you. The materials on this site are provided &ldquo;as is&rdquo; and without warranties of any kind to the fullest extent permissible pursuant to applicable laws. PT. Balkat Communication may provide links to other sites that are not maintained by PT. Balkat Communication, but PT. Balkat Communication does not endorse those sites and is not responsible for the content of such other sites.<br \/>\r\n<br \/>\r\n<strong>Usage Restrictions<\/strong><br \/>\r\nThe entire contents of this site are copyrighted under the laws of Indonesia and protected by worldwide copyright laws and treaty provisions. Materials from the www.balkat.com website may not be copied, distributed or transmitted in any way without prior written consent of PT. Balkat Communication All material on this site is provided for lawful purposes only.<br \/>\r\n<br \/>\r\n<strong>Applicability of Content<\/strong><br \/>\r\nInformation on this site includes descriptions of products and services available in Indonesia only. This site is operated in Jakarta, Indonesia, and PT. Balkat Communication makes no representation that content provided is applicable or appropriate for use in other locations.<br \/>\r\n<br \/>\r\n<strong>Policy Changes<\/strong><br \/>\r\nIf we change our privacy policy in whole or in part, we will inform you by posting a notice on this website. Those changes will go into effect on the date posted in the notice. The new policy will apply to all current and past users of our website and will replace any prior policies which are inconsistent.<br \/>\r\n<br \/>\r\n<strong>Your Feedback<\/strong><br \/>\r\nTo help us improve our privacy policy and practice, please give us your feedback. You may email us or write to us at PT. Balkat Communication. Jl. Sukarjo Wiryopranoto no. 55a, Jakarta, Indonesia.<\/div>","pages_meta_description":"","pages_meta_keywords":"","pages_create_date":"31 May 2016","web_alias":"privacypolicy","web_ori":"pages\/detail\/12"}]