[{"product_id":"4","product_title":"PlayStation 4","product_image":"\/assets\/file_upload\/admin\/images\/product\/product-4.png","product_image1":"","product_image2":"","product_desc":"<p>gdsgdsgdsgds<\/p>","product_meta_description":"","product_meta_keywords":"","product_point":"10000","is_free_shipping":"0","product_create_date":"28 September 2015","web_alias":"product\/4\/playstation-4","web_ori":"product\/detail\/4","product_category_title":"Lifestyle","product_category_id":"4"},{"product_id":"3","product_title":"Honda GS-R","product_image":"\/assets\/file_upload\/admin\/images\/product\/product-3.png","product_image1":"","product_image2":"","product_desc":"<p>hdfhfdh<\/p>\r\n\r\n<p>hdfhdfh<\/p>\r\n\r\n<p>dfhdf<\/p>\r\n\r\n<p>hdfhdf<\/p>","product_meta_description":"","product_meta_keywords":"","product_point":"1000","is_free_shipping":"0","product_create_date":"10 September 2015","web_alias":"product\/3\/honda-gs-r","web_ori":"product\/detail\/3","product_category_title":"Lifestyle","product_category_id":"4"},{"product_id":"2","product_title":"Canon Camera","product_image":"\/assets\/file_upload\/admin\/images\/product\/product-2.png","product_image1":"","product_image2":"","product_desc":"<p>gdfsgsdfgdsg<\/p>","product_meta_description":"","product_meta_keywords":"","product_point":"200","is_free_shipping":"1","product_create_date":"10 September 2015","web_alias":"product\/2\/canon-camera","web_ori":"product\/detail\/2","product_category_title":"Lifestyle","product_category_id":"4"},{"product_id":"1","product_title":"Sony Xperia T","product_image":"\/assets\/file_upload\/admin\/images\/product\/product-1.png","product_image1":"","product_image2":"","product_desc":"<p>Description<\/p>","product_meta_description":"","product_meta_keywords":"","product_point":"150","is_free_shipping":"0","product_create_date":"08 September 2015","web_alias":"product\/1\/sony-xperia-t","web_ori":"product\/detail\/1","product_category_title":"Handphone &amp; Tablet","product_category_id":"1"}]