[{"projects_id":"65","client_id":"2","user_id":"2","client_title":"ARSynergy Resources","projects_title":"LPG Plant Custody Transfer Orifice Gas Meter","projects_services":"test","projects_location":"Bukit Tua","projects_image":"\/assets\/file_upload\/admin\/images\/banner\/LPG-Plant-Custody-Transfer.jpg","projects_desc":"Gas Metering Skid 3 Stream 8&quot; Pipeline integrated with Omni Flow Computer Panel and HMI Wonderware Intouch","projects_start_date":"01-05-2015 00:00:00","projects_end_date":"00-00-0000 00:00:00","projects_order":"1","projects_highlight":"1","user_title":"ARSynergy Resources"},{"projects_id":"80","client_id":"21","user_id":"21","client_title":"PT. Honeywell Indonesia","projects_title":"Addressable Fire Detection System","projects_services":"Addressable Fire Detection System","projects_location":"Jangkrik","projects_image":"\/assets\/file_upload\/admin\/images\/banner\/Addressable-Fire-Detection-SystemAddressable-Fire-Detection-System.jpg","projects_desc":"Fire Addressable Detection Panel using Autronica Fire Alarm Controller Series BS-420 Certified SIL-2 integrated with Autronica Detector","projects_start_date":"01-02-2015 00:00:00","projects_end_date":"00-00-0000 00:00:00","projects_order":"1","projects_highlight":"1","user_title":"PT. Honeywell Indonesia"},{"projects_id":"56","client_id":"6","user_id":"6","client_title":"Dwisolar Sdn Bhd","projects_title":"FPSO Brotojoyo Fire Gas and ESD System","projects_services":"Upgrade PLC HIMA","projects_location":"Brotojoyo Vessel","projects_image":"\/assets\/file_upload\/admin\/images\/projectpage\/bukit tua lpg\/1474364269673.jpg","projects_desc":"Upgrade PLC HIMA on Fire and Gas and ESD System Brotojoyo","projects_start_date":"01-02-2015 00:00:00","projects_end_date":"01-03-2015 00:00:00","projects_order":"2","projects_highlight":"1","user_title":"Dwisolar Sdn Bhd"},{"projects_id":"79","client_id":"6","user_id":"12","client_title":"Dwisolar Sdn Bhd","projects_title":"Fire Suppression Panel System &#40;FSPS&#41;","projects_services":"Fire Suppression System","projects_location":"Tapis-Dulang-Angsi, Malaysia","projects_image":"\/assets\/file_upload\/admin\/images\/banner\/Fire-Suppresion-Panel-System.jpg","projects_desc":"Fire Suppression Panel System using Aadvance ICS Triplex Rockwell","projects_start_date":"01-03-2015 00:00:00","projects_end_date":"01-06-2015 00:00:00","projects_order":"3","projects_highlight":"1","user_title":"Pearl Oil"}]