[{"services_id":"5","page_type":"1","services_title":"digital development","services_short_desc":"","services_image":"\/assets\/file_upload\/admin\/images\/blog-mas-img-1.jpg","services_alias":"digital-development","services_desc":"dsadsadsadsadsa","services_order":"1","services_active_status":"1","services_meta_description":"","services_meta_keywords":"","services_create_date":"27-06-2016 01:03:53","services_create_by":"1","menu_id":"59","menu_title":"Services","page_title":"Default"},{"services_id":"6","page_type":"1","services_title":"Merchandising","services_short_desc":"dsadsadsadsad","services_image":"\/assets\/file_upload\/admin\/images\/foto-3.png","services_alias":"merchandising","services_desc":"Merchandising","services_order":"2","services_active_status":"1","services_meta_description":"Merchandising","services_meta_keywords":"Merchandising","services_create_date":"27-06-2016 01:54:41","services_create_by":"1","menu_id":"59","menu_title":"Services","page_title":"Default"}]