[{"team_id":"1","position_id":"1","team_title":"M. RIFKI ASFARI","team_position":"Health & Safety Co-ordinator","team_image":"\/assets\/file_upload\/admin\/images\/Team\/calebteam001.jpg","team_desc":"Experienced in Safety Management System and Business Development more than 2 years.","team_order":"3","team_active_status":"1","team_create_date":"01-09-2016 01:22:08","team_create_by":"1","position_title":"BOD"},{"team_id":"3","position_id":"1","team_title":"JOELIANTI DWI SUPRAPTININGSIH","team_position":"Commissioner","team_image":"\/assets\/file_upload\/admin\/images\/Team\/calebteam002.jpg","team_desc":"Having lot of experience in Financial Management, also working part time as Lecturer in more University in Jakarta","team_order":"2","team_active_status":"1","team_create_date":"02-09-2016 17:55:22","team_create_by":"1","position_title":"BOD"},{"team_id":"4","position_id":"1","team_title":"GORGA SIMANULLANG","team_position":"President Director","team_image":"\/assets\/file_upload\/admin\/images\/Team\/calebteam003.jpg","team_desc":"Experienced in Oil &amp; Gas and others Industries more than 20 years, Bachelor Degree from ISTN Majoring in Electronics Engineering Physics , Diploma engineering from Polytechnic&ndash;ITB","team_order":"1","team_active_status":"1","team_create_date":"02-09-2016 17:55:46","team_create_by":"1","position_title":"BOD"}]